message,label
высота код тип диаметр,Батарея
высота код диаметр тип,Батарея
высота тип код диаметр,Батарея
высота тип диаметр код,Батарея
высота диаметр код тип,Батарея
высота диаметр тип код,Батарея
код высота тип диаметр,Батарея
код высота диаметр тип,Батарея
код тип высота диаметр,Батарея
код тип диаметр высота,Батарея
код диаметр высота тип,Батарея
код диаметр тип высота,Батарея
тип высота код диаметр,Батарея
тип высота диаметр код,Батарея
тип код высота диаметр,Батарея
тип код диаметр высота,Батарея
тип диаметр высота код,Батарея
тип диаметр код высота,Батарея
диаметр высота код тип,Батарея
диаметр высота тип код,Батарея
диаметр код высота тип,Батарея
диаметр код тип высота,Батарея
диаметр тип высота код,Батарея
диаметр тип код высота,Батарея
